,,,,,,,,Week-14,"Tuesday, April 1, 2025",,,"Wednesday, April 2, 2025",,,"Thursday, April 3, 2025",,,"Friday, April 4, 2025",,,"Saturday, April 5, 2025",,,"Sunday, April 6, 2025",,,Week-15,"Monday, April 7, 2025",,,"Tuesday, April 8, 2025",,,"Wednesday, April 9, 2025",,,"Thursday, April 10, 2025",,,"Friday, April 11, 2025",,,"Saturday, April 12, 2025",,,"Sunday, April 13, 2025",,,Week-16,"Monday, April 14, 2025",,,"Tuesday, April 15, 2025",,,"Wednesday, April 16, 2025",,,"Thursday, April 17, 2025",,,"Friday, April 18, 2025",,,"Saturday, April 19, 2025",,,"Sunday, April 20, 2025",,,Week-17,"Monday, April 21, 2025",,,"Tuesday, April 22, 2025",,,"Wednesday, April 23, 2025",,,"Thursday, April 24, 2025",,,"Friday, April 25, 2025",,,"Saturday, April 26, 2025",,,"Sunday, April 27, 2025",,,Week-18,"Monday, April 28, 2025",,,"Tuesday, April 29, 2025",,,Week-15,"Wednesday, April 2, 2025",
Process,Sub-Process,Departement ,Emp I'd,Email ID,Name,Supervisor Name,Designation,04-01-2025 - 04-06-2025,Attendance,In Time ,Out Time,Attendance,In Time ,Out Time,Attendance,In Time ,Out Time,Attendance,In Time ,Out Time,Attendance,In Time ,Out Time,Attendance,In Time ,Out Time,04-07-2025 - 04-13-2025,Attendance,In Time ,Out Time,Attendance,In Time ,Out Time,Attendance,In Time ,Out Time,Attendance,In Time ,Out Time,Attendance,In Time ,Out Time,Attendance,In Time ,Out Time,Attendance,In Time ,Out Time,04-14-2025 - 04-20-2025,Attendance,In Time ,Out Time,Attendance,In Time ,Out Time,Attendance,In Time ,Out Time,Attendance,In Time ,Out Time,Attendance,In Time ,Out Time,Attendance,In Time ,Out Time,Attendance,In Time ,Out Time,04-21-2025 - 04-27-2025,Attendance,In Time ,Out Time,Attendance,In Time ,Out Time,Attendance,In Time ,Out Time,Attendance,In Time ,Out Time,Attendance,In Time ,Out Time,Attendance,In Time ,Out Time,Attendance,In Time ,Out Time,04-28-2025 - 04-30-2025,Attendance,In Time ,Out Time,Attendance,In Time ,Out Time,Attendance,In Time ,Out Time
Bajaj- Finserve,Bajaj- Finserve,Operations,NIF00000,nif@niftel.com,User,Supervisor,Assistant Manager,10:00-19:00,P,9:00,18:00,Leave,NA,NA,Leave,NA,NA,Leave,NA,NA,Leave,NA,NA,Leave,NA,NA,10:00-19:00,,,,P,09:11,06:43,P,09:54,,P,10:30,,P,09:42,,P,09:11,,P,09:56,,10:00-19:00,,,,,,,P,10:13,07:16,P,08:50,07:10,P,09:10,06:36,P,09:06,07:00,,,,,P,09:07,,,,,,,,,,,,,,,,,,,,,,,,,,,,,